Patient_ID,Necrose,Necrose_purs,Necrose_peritonitis,Delta_SF_to_Diagnostic_days,Delta_SF_to_PEC_days,Delta_SF_to_CT1_days,Delta_SF_to_Bio_days,Delta_SF_to_BJN_days
PAT_001,0,0.0,,31.0,31.0,31.0,31.0,31.0
PAT_002,0,0.0,,7.0,8.0,7.0,8.0,8.0
PAT_003,1,1.0,0.0,4.0,4.0,3.0,4.0,34.0
PAT_004,0,0.0,,1.0,2.0,1.0,2.0,2.0
PAT_005,0,,,0.0,0.0,0.0,3.0,1.0
PAT_006,0,0.0,,2.0,3.0,2.0,,
PAT_007,1,1.0,1.0,2.0,2.0,2.0,3.0,2.0
PAT_008,0,0.0,,1.0,3.0,1.0,4.0,4.0
PAT_009,1,1.0,0.0,0.0,0.0,523.0,561.0,561.0
PAT_010,0,0.0,,0.0,0.0,0.0,0.0,0.0
PAT_011,0,0.0,,3.0,3.0,3.0,4.0,4.0
PAT_012,0,0.0,,2.0,2.0,2.0,3.0,3.0
PAT_013,0,0.0,,,,,,
PAT_014,1,1.0,0.0,732.0,732.0,732.0,732.0,732.0
PAT_015,0,0.0,,3.0,3.0,3.0,4.0,4.0
PAT_016,1,1.0,1.0,2.0,2.0,1.0,2.0,2.0
PAT_017,1,1.0,1.0,9.0,9.0,9.0,20.0,3.0
PAT_018,0,0.0,,6.0,6.0,5.0,8.0,8.0
PAT_019,0,0.0,,4.0,5.0,8.0,8.0,8.0
PAT_020,1,1.0,1.0,0.0,1.0,1.0,,1.0
PAT_021,0,0.0,,1.0,1.0,1.0,5.0,4.0
PAT_022,0,0.0,,7.0,7.0,7.0,7.0,7.0
PAT_023,0,0.0,,4.0,4.0,0.0,6.0,6.0
PAT_024,0,0.0,,8.0,8.0,9.0,9.0,9.0
PAT_025,1,1.0,1.0,1.0,1.0,1.0,93.0,2.0
PAT_026,0,0.0,,0.0,0.0,0.0,0.0,7.0
PAT_027,0,,,2.0,2.0,2.0,2.0,2.0
PAT_028,0,0.0,,1.0,1.0,,1.0,1.0
PAT_029,0,0.0,,2.0,3.0,2.0,5.0,4.0
PAT_030,0,0.0,,0.0,1.0,1.0,1.0,1.0
PAT_031,0,0.0,,3.0,3.0,3.0,4.0,3.0
PAT_032,0,0.0,,1.0,1.0,1.0,2.0,2.0
PAT_033,0,,,6.0,6.0,7.0,7.0,8.0
PAT_034,0,0.0,,1.0,1.0,2.0,2.0,5.0
PAT_035,1,1.0,0.0,8.0,8.0,8.0,,7.0
PAT_036,1,1.0,1.0,2.0,2.0,2.0,3.0,2.0
PAT_037,0,0.0,,4.0,5.0,4.0,5.0,5.0
PAT_038,1,1.0,1.0,5.0,5.0,5.0,6.0,6.0
PAT_039,0,0.0,,12.0,12.0,12.0,14.0,13.0
PAT_040,0,0.0,,0.0,0.0,0.0,5.0,4.0
PAT_041,0,0.0,,0.0,1.0,1.0,1.0,1.0
PAT_042,1,1.0,1.0,9.0,9.0,7.0,7.0,7.0
PAT_043,0,0.0,,0.0,0.0,0.0,7.0,6.0
PAT_044,0,0.0,,3.0,3.0,3.0,12.0,11.0
PAT_045,0,0.0,,1.0,1.0,0.0,1.0,1.0
PAT_046,0,0.0,,0.0,0.0,0.0,0.0,0.0
PAT_047,0,0.0,,0.0,0.0,1.0,3.0,9.0
PAT_048,1,1.0,1.0,2.0,2.0,0.0,4.0,3.0
PAT_049,1,1.0,1.0,12.0,12.0,11.0,12.0,14.0
PAT_050,0,0.0,,0.0,0.0,0.0,2.0,2.0
PAT_051,0,0.0,,0.0,0.0,0.0,0.0,0.0
PAT_052,0,0.0,,0.0,0.0,0.0,0.0,0.0
PAT_053,0,0.0,,4.0,4.0,2.0,4.0,4.0
PAT_054,0,,,2.0,2.0,2.0,2.0,2.0
PAT_055,0,0.0,,0.0,0.0,1.0,1.0,1.0
PAT_056,0,,,0.0,0.0,1.0,3.0,3.0
PAT_057,0,0.0,,0.0,0.0,0.0,0.0,3.0
PAT_058,0,0.0,,18.0,18.0,17.0,18.0,18.0
PAT_059,0,0.0,,2.0,2.0,2.0,4.0,4.0
PAT_060,1,1.0,0.0,0.0,0.0,,11.0,11.0
PAT_061,0,0.0,,7.0,7.0,6.0,7.0,7.0
PAT_062,0,0.0,,0.0,0.0,0.0,0.0,0.0
PAT_063,0,0.0,,33.0,33.0,,,39.0
PAT_064,0,0.0,,2.0,2.0,2.0,7.0,7.0
PAT_065,0,0.0,,3.0,3.0,3.0,11.0,10.0
PAT_066,0,0.0,,0.0,0.0,0.0,2.0,2.0
PAT_067,1,1.0,0.0,1.0,1.0,1.0,,1.0
PAT_068,1,1.0,1.0,0.0,0.0,,5.0,2.0
PAT_069,0,0.0,,0.0,0.0,0.0,0.0,0.0
PAT_070,0,0.0,,0.0,0.0,,0.0,0.0
PAT_071,0,0.0,,32.0,32.0,32.0,33.0,32.0
PAT_072,0,0.0,,,,,,
PAT_073,0,0.0,,0.0,0.0,0.0,1.0,1.0
PAT_074,0,0.0,,1.0,1.0,0.0,1.0,1.0
PAT_075,1,1.0,1.0,0.0,0.0,6.0,,2.0
PAT_076,0,0.0,,2.0,2.0,3.0,3.0,3.0
PAT_077,0,0.0,,4.0,4.0,4.0,4.0,4.0
PAT_078,1,1.0,0.0,4.0,4.0,4.0,4.0,4.0
PAT_079,0,0.0,,15.0,15.0,15.0,16.0,16.0
PAT_080,0,,,3.0,4.0,4.0,7.0,4.0
PAT_081,0,0.0,,6.0,6.0,5.0,8.0,8.0
PAT_082,1,1.0,1.0,1.0,1.0,1.0,1.0,1.0
PAT_083,1,1.0,1.0,2.0,2.0,1.0,2.0,2.0
PAT_084,0,0.0,,0.0,0.0,0.0,0.0,3.0
PAT_085,1,1.0,0.0,7.0,7.0,7.0,,7.0
PAT_086,0,0.0,,0.0,0.0,1.0,3.0,3.0
PAT_087,0,,,2.0,2.0,2.0,3.0,8.0
PAT_088,0,0.0,,5.0,5.0,4.0,136.0,5.0
PAT_089,0,0.0,,7.0,7.0,7.0,7.0,7.0
PAT_090,1,1.0,1.0,3.0,3.0,3.0,4.0,4.0
PAT_091,0,,,2.0,2.0,2.0,2.0,2.0
PAT_092,1,1.0,0.0,0.0,0.0,2.0,2.0,2.0
PAT_093,0,0.0,,0.0,1.0,1.0,1.0,1.0
PAT_094,0,0.0,,0.0,1.0,1.0,1.0,1.0
PAT_095,1,1.0,1.0,3.0,3.0,1.0,3.0,3.0