Patient_ID,Morphine_survibase,CTmax_intestinal_perforation,Lactate_H48_15,1_SOFA_sup2,Total_Score,Predicted_Necrosis,Actual_Necrosis,Outcome_Classification
PAT_001,0.0,0.0,0.0,0.0,0,0,0,CORRECT
PAT_002,1.0,0.0,0.0,0.0,1,0,0,CORRECT
PAT_003,0.0,0.0,1.0,1.0,2,1,1,CORRECT
PAT_004,0.0,0.0,0.0,0.0,0,0,0,CORRECT
PAT_005,1.0,0.0,0.0,0.0,1,0,0,CORRECT
PAT_006,0.0,0.0,0.0,1.0,1,0,0,CORRECT
PAT_007,1.0,1.0,0.0,0.0,2,1,1,CORRECT
PAT_008,0.0,0.0,1.0,0.0,1,0,0,CORRECT
PAT_009,1.0,0.0,0.0,1.0,2,1,1,CORRECT
PAT_010,0.0,0.0,0.0,0.0,0,0,0,CORRECT
PAT_011,0.0,0.0,0.0,0.0,0,0,0,CORRECT
PAT_012,0.0,0.0,0.0,0.0,0,0,0,CORRECT
PAT_013,0.0,0.0,0.0,0.0,0,0,0,CORRECT
PAT_014,1.0,0.0,1.0,0.0,2,1,1,CORRECT
PAT_015,0.0,0.0,1.0,0.0,1,0,0,CORRECT
PAT_016,0.0,1.0,0.0,0.0,1,0,1,FALSE NEGATIVE
PAT_017,0.0,1.0,1.0,0.0,2,1,1,CORRECT
PAT_018,1.0,0.0,0.0,0.0,1,0,0,CORRECT
PAT_019,0.0,0.0,0.0,0.0,0,0,0,CORRECT
PAT_020,1.0,0.0,1.0,1.0,3,1,1,CORRECT
PAT_021,0.0,0.0,0.0,0.0,0,0,0,CORRECT
PAT_022,1.0,0.0,0.0,0.0,1,0,0,CORRECT
PAT_023,0.0,0.0,0.0,1.0,1,0,0,CORRECT
PAT_024,1.0,0.0,0.0,0.0,1,0,0,CORRECT
PAT_025,1.0,0.0,0.0,1.0,2,1,1,CORRECT
PAT_026,0.0,0.0,1.0,0.0,1,0,0,CORRECT
PAT_027,0.0,0.0,1.0,1.0,2,1,0,FALSE POSITIVE
PAT_028,0.0,0.0,0.0,0.0,0,0,0,CORRECT
PAT_029,1.0,0.0,0.0,0.0,1,0,0,CORRECT
PAT_030,1.0,0.0,0.0,0.0,1,0,0,CORRECT
PAT_031,0.0,0.0,1.0,0.0,1,0,0,CORRECT
PAT_032,0.0,0.0,1.0,1.0,2,1,0,FALSE POSITIVE
PAT_033,1.0,0.0,1.0,0.0,2,1,0,FALSE POSITIVE
PAT_034,1.0,0.0,0.0,0.0,1,0,0,CORRECT
PAT_035,1.0,0.0,0.0,1.0,2,1,1,CORRECT
PAT_036,1.0,1.0,0.0,0.0,2,1,1,CORRECT
PAT_037,0.0,0.0,0.0,0.0,0,0,0,CORRECT
PAT_038,1.0,0.0,1.0,0.0,2,1,1,CORRECT
PAT_039,0.0,0.0,0.0,0.0,0,0,0,CORRECT
PAT_040,0.0,0.0,0.0,0.0,0,0,0,CORRECT
PAT_041,0.0,0.0,0.0,0.0,0,0,0,CORRECT
PAT_042,0.0,1.0,0.0,0.0,1,0,1,FALSE NEGATIVE
PAT_043,0.0,0.0,0.0,0.0,0,0,0,CORRECT
PAT_044,0.0,0.0,0.0,0.0,0,0,0,CORRECT
PAT_045,0.0,0.0,0.0,0.0,0,0,0,CORRECT
PAT_046,0.0,0.0,0.0,0.0,0,0,0,CORRECT
PAT_047,0.0,0.0,1.0,1.0,2,1,0,FALSE POSITIVE
PAT_048,1.0,1.0,1.0,0.0,3,1,1,CORRECT
PAT_049,1.0,0.0,1.0,0.0,2,1,1,CORRECT
PAT_050,0.0,0.0,0.0,0.0,0,0,0,CORRECT
PAT_051,1.0,0.0,0.0,0.0,1,0,0,CORRECT
PAT_052,0.0,0.0,0.0,0.0,0,0,0,CORRECT
PAT_053,0.0,0.0,0.0,0.0,0,0,0,CORRECT
PAT_054,1.0,0.0,0.0,0.0,1,0,0,CORRECT
PAT_055,0.0,0.0,0.0,0.0,0,0,0,CORRECT
PAT_056,0.0,0.0,1.0,1.0,2,1,0,FALSE POSITIVE
PAT_057,0.0,0.0,0.0,0.0,0,0,0,CORRECT
PAT_058,0.0,0.0,0.0,0.0,0,0,0,CORRECT
PAT_059,1.0,0.0,0.0,0.0,1,0,0,CORRECT
PAT_060,1.0,0.0,1.0,1.0,3,1,1,CORRECT
PAT_061,1.0,0.0,0.0,0.0,1,0,0,CORRECT
PAT_062,0.0,0.0,0.0,0.0,0,0,0,CORRECT
PAT_063,1.0,0.0,0.0,0.0,1,0,0,CORRECT
PAT_064,0.0,0.0,0.0,0.0,0,0,0,CORRECT
PAT_065,0.0,0.0,1.0,0.0,1,0,0,CORRECT
PAT_066,1.0,0.0,0.0,0.0,1,0,0,CORRECT
PAT_067,0.0,0.0,1.0,0.0,1,0,1,FALSE NEGATIVE
PAT_068,0.0,1.0,0.0,1.0,2,1,1,CORRECT
PAT_069,0.0,0.0,0.0,0.0,0,0,0,CORRECT
PAT_070,0.0,0.0,0.0,0.0,0,0,0,CORRECT
PAT_071,0.0,0.0,0.0,0.0,0,0,0,CORRECT
PAT_072,0.0,0.0,0.0,0.0,0,0,0,CORRECT
PAT_073,0.0,0.0,0.0,1.0,1,0,0,CORRECT
PAT_074,0.0,0.0,0.0,0.0,0,0,0,CORRECT
PAT_075,1.0,1.0,1.0,1.0,4,1,1,CORRECT
PAT_076,0.0,0.0,0.0,0.0,0,0,0,CORRECT
PAT_077,0.0,0.0,0.0,0.0,0,0,0,CORRECT
PAT_078,1.0,0.0,1.0,1.0,3,1,1,CORRECT
PAT_079,0.0,0.0,0.0,0.0,0,0,0,CORRECT
PAT_080,0.0,0.0,1.0,0.0,1,0,0,CORRECT
PAT_081,0.0,0.0,1.0,0.0,1,0,0,CORRECT
PAT_082,1.0,0.0,1.0,0.0,2,1,1,CORRECT
PAT_083,1.0,0.0,1.0,0.0,2,1,1,CORRECT
PAT_084,0.0,0.0,0.0,0.0,0,0,0,CORRECT
PAT_085,1.0,0.0,1.0,1.0,3,1,1,CORRECT
PAT_086,0.0,0.0,0.0,0.0,0,0,0,CORRECT
PAT_087,0.0,0.0,1.0,1.0,2,1,0,FALSE POSITIVE
PAT_088,0.0,0.0,0.0,0.0,0,0,0,CORRECT
PAT_089,0.0,0.0,0.0,0.0,0,0,0,CORRECT
PAT_090,1.0,0.0,1.0,0.0,2,1,1,CORRECT
PAT_091,1.0,0.0,1.0,0.0,2,1,0,FALSE POSITIVE
PAT_092,1.0,0.0,0.0,0.0,1,0,1,FALSE NEGATIVE
PAT_093,0.0,0.0,0.0,0.0,0,0,0,CORRECT
PAT_094,1.0,0.0,1.0,0.0,2,1,0,FALSE POSITIVE
PAT_095,1.0,0.0,1.0,1.0,3,1,1,CORRECT
,0.0,0.0,0.0,0.0,0,0,0,CORRECT
