Variable,Test,N_valid,Pct_missing,Group_Necrose_0,Group_Necrose_1,p_value
Mise sous O2,Fisher,81,14.7,11/60 (18%),15/21 (71%),0.0
1_SOFA2_sup2,Fisher,95,0.0,13/70 (19%),17/25 (68%),0.0
SOFA2,Mann-Whitney,95,0.0,0.0 [0.0-1.0],3.0 [2.0-6.0],0.0
SIRS,Fisher,95,0.0,18/70 (26%),19/25 (76%),0.0
1_SOFA12_sup2,Fisher,95,0.0,15/70 (21%),18/25 (72%),0.0
SOFAResp2,Mann-Whitney,95,0.0,0.0 [0.0-0.0],3.0 [0.0-3.0],0.0
Adm_REA,Fisher,90,5.3,8/67 (12%),14/23 (61%),0.0
leuco_H48,Mann-Whitney,93,2.1,10.2 [7.0-13.2],19.4 [12.9-22.6],0.0
Leuco_H48_12,Fisher,93,2.1,22/69 (32%),20/24 (83%),0.0
Morphine_survibase,Fisher,77,18.9,17/55 (31%),19/22 (86%),0.0
CTmax_intestinal_perforation,Fisher,95,0.0,0/70 (0%),8/25 (32%),0.0
morphine,Fisher,95,0.0,20/70 (29%),20/25 (80%),0.0
Ct1-2_Persistent_decreased_enhancement,Fisher,47,50.5,11/33 (33%),14/14 (100%),0.0
CT2_bowel_wall_decreased_enahncement,Fisher,66,30.5,11/52 (21%),14/14 (100%),0.0
CT2_intestinal_perforation,Fisher,66,30.5,0/52 (0%),7/14 (50%),0.0
CT2_bowel_wall_absent_enahncement,Fisher,66,30.5,2/52 (4%),9/14 (64%),0.0
antalgiques palier 1/2/3,Mann-Whitney,77,18.9,2.0 [2.0-3.0],3.0 [3.0-3.0],0.0
Lactate_H48_15,Fisher,93,2.1,15/70 (21%),16/23 (70%),0.0001
PNN,Mann-Whitney,85,10.5,8.1 [5.9-12.9],15.3 [11.2-19.5],0.0001
CT1_bowel_wall_decreased_enahncement,Fisher,92,3.2,42/69 (61%),23/23 (100%),0.0001
CT2_extrabowel_gas,Fisher,66,30.5,0/52 (0%),5/14 (36%),0.0002
CTmax_extrabowel_gas,Fisher,95,0.0,0/70 (0%),6/25 (24%),0.0002
CT2_bowel_dilatation,Fisher,66,30.5,16/52 (31%),12/14 (86%),0.0004
Leuco_max,Mann-Whitney,93,2.1,12.4 [10.9-18.7],21.9 [17.1-24.8],0.0004
Leuco_max_15,Fisher,93,2.1,27/69 (39%),19/24 (79%),0.0009
CRP H 48,Mann-Whitney,91,4.2,119.0 [70.0-196.0],212.0 [155.2-262.2],0.001
CT1_bowel_dilatation,Fisher,93,2.1,37/69 (54%),22/24 (92%),0.001
1_SOFA_sup2,Fisher,95,0.0,8/70 (11%),11/25 (44%),0.0011
lactate_H48,Mann-Whitney,93,2.1,1.1 [0.9-1.4],1.7 [1.2-2.4],0.0014
CRP_max,Mann-Whitney,87,8.4,162.0 [111.5-221.0],244.0 [185.0-318.5],0.0017
lactate_max,Mann-Whitney,93,2.1,1.4 [1.1-2.3],2.4 [1.8-3.4],0.0019
IncreasedNECT_OR_DecreasedECT,Fisher,95,0.0,42/70 (60%),23/25 (92%),0.0026
Perfo_OR_absent_OR_increasedNECT_DecreasedECT,Fisher,95,0.0,42/70 (60%),23/25 (92%),0.0026
CTmax_bowel_wall_decreased_enahncement,Fisher,95,0.0,42/70 (60%),23/25 (92%),0.0026
Perfo_OR_absent_OR_DecreasedECT,Fisher,95,0.0,42/70 (60%),23/25 (92%),0.0026
CT2_bowel_wall_increased_attenuation_NECT,Fisher,52,45.3,2/41 (5%),5/11 (45%),0.003
Lactate_sup2,Fisher,93,2.1,23/70 (33%),16/23 (70%),0.0031
Leuco,Mann-Whitney,94,1.1,11.9 [8.9-15.8],17.8 [12.8-21.2],0.0035
CPK,Mann-Whitney,54,43.2,75.5 [56.2-138.8],37.5 [25.8-49.5],0.0036
IncreasedNECT_AND_DecreasedECT,Fisher,95,0.0,2/70 (3%),6/25 (24%),0.0038
CTmax_bowel_wall_increased_attenuation_NECT,Fisher,95,0.0,2/70 (3%),6/25 (24%),0.0038
irritation péritonéale,Fisher,95,0.0,16/70 (23%),14/25 (56%),0.0049
distension abdo,Fisher,95,0.0,27/70 (39%),18/25 (72%),0.0052
CT2_mesenteric_fluid_effusion,Fisher,66,30.5,27/52 (52%),13/14 (93%),0.0054
CTmax_bowel_dilatation,Fisher,95,0.0,40/70 (57%),22/25 (88%),0.0065
SOFACardio2,Mann-Whitney,95,0.0,0.0 [0.0-0.0],0.0 [0.0-3.0],0.0065
CT2_SV_permeable,Fisher,66,30.5,33/52 (63%),3/14 (21%),0.0067
CRP_H48_200,Fisher,91,4.2,16/69 (23%),12/22 (55%),0.0082
CRPJ3-J1,Mann-Whitney,93,2.1,0.5 [-48.5-58.8],43.0 [0.0-112.5],0.0155
CTmax_fluid_collection,Fisher,95,0.0,0/70 (0%),3/25 (12%),0.0166
CTmax_mesenteric_fluid_effusion,Fisher,95,0.0,51/70 (73%),24/25 (96%),0.0198
CRP_sup200,Fisher,87,8.4,23/67 (34%),13/20 (65%),0.02
Persistent_bowel_dilatation,Fisher,42,55.8,13/28 (46%),12/14 (86%),0.0204
SOFA1,Mann-Whitney,95,0.0,0.0 [0.0-1.0],1.0 [0.0-3.0],0.0253
CT2_pneumatosis_intestinalis,Fisher,66,30.5,1/52 (2%),3/14 (21%),0.0277
microbio_pos,Fisher,95,0.0,19/70 (27%),13/25 (52%),0.0291
CT1_IMV,Fisher,93,2.1,36/70 (51%),18/23 (78%),0.0291
CT1_mesenteric_fluid_effusion,Fisher,94,1.1,48/70 (69%),22/24 (92%),0.0299
état de choc,Fisher,95,0.0,5/70 (7%),6/25 (24%),0.0339
CT1_ileal_veins,Fisher,93,2.1,58/70 (83%),23/23 (100%),0.0339
CTmax_SV_permeable,Fisher,95,0.0,43/70 (61%),9/25 (36%),0.0361
CTmax_IMV,Fisher,95,0.0,36/70 (51%),19/25 (76%),0.0366
Def_PS,Fisher,92,3.2,2/68 (3%),4/24 (17%),0.0382
CTmax_pneumatosis_intestinalis,Fisher,95,0.0,2/70 (3%),4/25 (16%),0.0396
Ddim_max,Mann-Whitney,27,71.6,4806.0 [1502.8-8768.2],10649.0 [6838.5-13913.0],0.0414
Ddim,Mann-Whitney,27,71.6,4806.0 [1502.8-8768.2],10649.0 [6838.5-13913.0],0.0414
CT2_fluid_collection,Fisher,66,30.5,0/52 (0%),2/14 (14%),0.0424
ALAT,Mann-Whitney,87,8.4,23.0 [14.0-45.0],15.0 [10.0-25.0],0.0439
CT1_left_colic_vein,Fisher,92,3.2,14/69 (20%),10/23 (43%),0.0522
CRPJ1_sur_J3,Mann-Whitney,91,4.2,1.0 [0.7-1.7],1.4 [1.0-1.9],0.0554
ASAT,Mann-Whitney,87,8.4,27.5 [22.0-38.0],23.0 [18.5-30.5],0.0565
Delta_SF_to_CT1_days,Mann-Whitney,88,7.4,2.0 [0.0-4.0],3.0 [1.0-7.0],0.0568
CT2_SV_partial_occlusion,Fisher,66,30.5,8/52 (15%),6/14 (43%),0.0588
lactate,Mann-Whitney,90,5.3,1.3 [1.1-2.1],1.7 [1.3-2.9],0.0595
CTmax_left_colic_vein,Fisher,95,0.0,14/70 (20%),10/25 (40%),0.0622
CTmax_bowel_wall_absent_enahncement,Fisher,95,0.0,8/70 (11%),7/25 (28%),0.0622
CT1_intestinal_perforation,Fisher,94,1.1,0/70 (0%),2/24 (8%),0.0631
Delta_SF_to_Bio_days,Mann-Whitney,86,9.5,3.0 [1.0-7.0],4.0 [3.0-11.2],0.0637
SOFARein2,Mann-Whitney,95,0.0,0.0 [0.0-0.0],0.0 [0.0-1.0],0.0653
Delai - Premiere antiXa efficace,Mann-Whitney,60,36.8,2.0 [1.0-2.0],2.0 [2.0-3.0],0.0773
CT1_PV_permeable,Fisher,93,2.1,19/70 (27%),2/23 (9%),0.0865
Plaquettes_max,Mann-Whitney,87,8.4,236.0 [171.0-310.0],307.0 [183.0-400.8],0.0876
CT1_SV_permeable,Fisher,92,3.2,43/69 (62%),9/23 (39%),0.0878
hémocultures_pos,Fisher,77,18.9,6/55 (11%),6/22 (27%),0.0903
bicar,Mann-Whitney,87,8.4,23.0 [20.0-25.0],22.0 [18.5-23.0],0.0996
CT1_pneumatosis_intestinalis,Fisher,94,1.1,2/70 (3%),3/24 (12%),0.1034
hémocultures,Fisher,92,3.2,55/69 (80%),22/23 (96%),0.104
COVID,Fisher,38,60.0,1/30 (3%),2/8 (25%),0.1062
CT1_bowel_wall_thickening,Fisher,94,1.1,57/70 (81%),23/24 (96%),0.1068
CTmax_PV_permeable,Fisher,95,0.0,21/70 (30%),3/25 (12%),0.1075
Plaquettes,Mann-Whitney,92,3.2,233.0 [171.2-310.8],285.0 [168.5-389.0],0.1082
CT1_SV_complete_occlusion,Fisher,92,3.2,15/69 (22%),9/23 (39%),0.1096
CT1_pancreaticoduodenal_veins,Fisher,92,3.2,19/69 (28%),11/23 (48%),0.1217
Uree,Mann-Whitney,82,13.7,4.8 [3.5-7.2],6.2 [5.1-7.8],0.1247
CTmax_pancreaticoduodenal_veins,Fisher,95,0.0,19/70 (27%),11/25 (44%),0.1379
Na/K < 1,Fisher,40,57.9,11/30 (37%),7/10 (70%),0.1401
CT1_ascites,Fisher,94,1.1,54/70 (77%),22/24 (92%),0.1438
CT1_superior_rectal_veins,Fisher,92,3.2,13/69 (19%),8/23 (35%),0.1517
Fg,Mann-Whitney,71,25.3,5.0 [4.0-6.0],5.6 [4.8-6.3],0.1549
CT1_target_sign_appearance,Fisher,92,3.2,27/69 (39%),13/23 (57%),0.1555
BPCO,Fisher,95,0.0,1/70 (1%),2/25 (8%),0.1683
CT1_jejunal_veins,Fisher,93,2.1,49/70 (70%),20/23 (87%),0.1686
CT1_ileocolic_vein,Fisher,92,3.2,48/69 (70%),20/23 (87%),0.1687
CT1_rectosigmoid_veins,Fisher,92,3.2,14/69 (20%),8/23 (35%),0.1694
CTmax_superior_rectal_veins,Fisher,95,0.0,13/70 (19%),8/25 (32%),0.1731
CTmax_ascites,Fisher,95,0.0,58/70 (83%),24/25 (96%),0.1731
Sd occlusif,Fisher,95,0.0,13/70 (19%),8/25 (32%),0.1731
Age ,Mann-Whitney,95,0.0,60.0 [39.2-70.8],50.0 [44.0-63.0],0.1734
CTmax_SV_complete_occlusion,Fisher,95,0.0,15/70 (21%),9/25 (36%),0.1828
CTmax_ileocolic_vein,Fisher,95,0.0,48/70 (69%),21/25 (84%),0.1926
CT2_splenomegaly,Fisher,65,31.6,14/52 (27%),6/13 (46%),0.1961
CT2_PV_permeable,Fisher,66,30.5,18/52 (35%),2/14 (14%),0.1971
température,Mann-Whitney,91,4.2,37.0 [36.5-37.4],37.1 [36.7-37.8],0.198
CT2_left_colic_vein,Fisher,66,30.5,7/52 (13%),4/14 (29%),0.2271
CT2_IMV,Fisher,66,30.5,22/52 (42%),9/14 (64%),0.2274
CT2_ileocolic_vein,Fisher,66,30.5,26/52 (50%),10/14 (71%),0.2278
CT1_PV_partial_occlusion,Fisher,93,2.1,31/70 (44%),14/23 (61%),0.2297
CTmax_target_sign_appearance,Fisher,95,0.0,28/70 (40%),14/25 (56%),0.2406
Lympho,Mann-Whitney,88,7.4,1.3 [1.0-1.9],1.6 [0.9-2.2],0.2491
lipase,Mann-Whitney,52,45.3,35.5 [25.0-64.0],27.5 [15.8-50.8],0.2541
CT1_extrabowel_gas,Fisher,94,1.1,0/70 (0%),1/24 (4%),0.2553
CT1_fluid_collection,Fisher,94,1.1,0/70 (0%),1/24 (4%),0.2553
CTmax_SV_partial_occlusion,Fisher,95,0.0,12/70 (17%),7/25 (28%),0.2561
Suivi,Mann-Whitney,95,0.0,605.5 [235.0-1314.8],810.0 [336.0-1814.0],0.261
Stomie_DDN,Fisher,95,0.0,0/70 (0%),1/25 (4%),0.2632
CT2_ascites,Fisher,66,30.5,39/52 (75%),13/14 (93%),0.2688
CTmax_rectosigmoid_veins,Fisher,95,0.0,14/70 (20%),8/25 (32%),0.2714
CT1_bowel_wall_increased_attenuation_NECT,Fisher,69,27.4,2/51 (4%),2/18 (11%),0.2773
SOFANeuro2,Mann-Whitney,95,0.0,0.0 [0.0-0.0],0.0 [0.0-0.0],0.2797
CT2_dysmorphic_vascular_liver,Fisher,66,30.5,11/52 (21%),5/14 (36%),0.3001
SOFARein1,Mann-Whitney,95,0.0,0.0 [0.0-0.0],0.0 [0.0-0.0],0.3129
dyslipidémie,Fisher,95,0.0,8/70 (11%),5/25 (20%),0.3168
CT2_ileal_veins,Fisher,66,30.5,35/52 (67%),12/14 (86%),0.318
LDH,Mann-Whitney,16,83.2,266.0 [210.0-298.5],287.0 [283.0-372.0],0.3196
Jour_bio,Mann-Whitney,83,12.6,2.0 [1.0-2.0],2.0 [2.0-2.0],0.3199
Delta_SF_to_Diagnostic_days,Mann-Whitney,93,2.1,2.0 [0.0-4.0],2.0 [1.0-5.0],0.3305
CTmax_bowel_wall_thickening,Fisher,95,0.0,57/70 (81%),23/25 (92%),0.3394
CRP,Mann-Whitney,91,4.2,108.0 [52.0-163.0],142.0 [58.8-195.5],0.3491
DFG_CKDEPI,Mann-Whitney,85,10.5,92.0 [77.0-110.0],85.0 [62.8-100.2],0.3638
CT2_right,Fisher,66,30.5,24/52 (46%),9/14 (64%),0.367
Mut_JAK2,Fisher,90,5.3,4/66 (6%),3/24 (12%),0.378
EBV_aigu,Fisher,88,7.4,4/63 (6%),3/25 (12%),0.4003
ATCD cardiovasc,Fisher,95,0.0,19/70 (27%),4/25 (16%),0.4146
PCT_H48,Mann-Whitney,8,91.6,0.7 [0.2-2.3],0.5 [0.3-0.7],0.4286
TP,Mann-Whitney,85,10.5,74.5 [59.8-86.8],72.0 [62.0-77.0],0.4286
Mut-MTHFR,Fisher,91,4.2,8/67 (12%),1/24 (4%),0.436
Mut_II,Fisher,91,4.2,8/67 (12%),1/24 (4%),0.436
CTmax_jejunal_veins,Fisher,95,0.0,49/70 (70%),20/25 (80%),0.437
CT1_portal_cavernoma,Fisher,93,2.1,20/70 (29%),9/23 (39%),0.4372
CT1_TC_thrombosis,Fisher,92,3.2,1/69 (1%),1/23 (4%),0.4396
HTA,Fisher,95,0.0,17/70 (24%),8/25 (32%),0.4425
CT1_PVP,Fisher,94,1.1,69/70 (99%),23/24 (96%),0.4475
CT2_PV_complete_occlusion,Fisher,66,30.5,9/52 (17%),4/14 (29%),0.4496
CTmax_mesenteric_fat_stranding,Fisher,95,0.0,69/70 (99%),24/25 (96%),0.4591
CTmax_TC_thrombosis,Fisher,95,0.0,1/70 (1%),1/25 (4%),0.4591
CTmax_PVP,Fisher,95,0.0,69/70 (99%),24/25 (96%),0.4591
vient de l'APHP,Fisher,91,4.2,26/67 (39%),7/24 (29%),0.465
Delta_SF_to_PEC_days,Mann-Whitney,93,2.1,2.0 [0.0-4.2],2.0 [1.0-5.0],0.4684
ethnie,Mann-Whitney,94,1.1,1.0 [1.0-2.5],1.0 [1.0-3.0],0.4695
CT2_SV_complete_occlusion,Fisher,66,30.5,10/52 (19%),4/14 (29%),0.4734
SOFARespi1,Mann-Whitney,95,0.0,0.0 [0.0-0.0],0.0 [0.0-0.0],0.4983
Contexte_inf,Fisher,95,0.0,11/70 (16%),2/25 (8%),0.5028
CTmax_ileal_veins,Fisher,95,0.0,59/70 (84%),23/25 (92%),0.5028
microbiologie,Fisher,95,0.0,60/70 (86%),23/25 (92%),0.5079
CT1_SV_partial_occlusion,Fisher,92,3.2,10/69 (14%),5/23 (22%),0.5152
SOFABili2,Mann-Whitney,95,0.0,0.0 [0.0-0.0],0.0 [0.0-0.0],0.5237
CT2_NECT,Fisher,67,29.5,36/52 (69%),12/15 (80%),0.5268
BILIC,Mann-Whitney,83,12.6,7.0 [5.0-10.0],7.0 [4.0-19.0],0.5372
SOFABili1,Mann-Whitney,95,0.0,0.0 [0.0-0.0],0.0 [0.0-0.0],0.5431
Creat,Mann-Whitney,90,5.3,72.0 [63.0-93.0],85.0 [61.0-112.0],0.5477
CT2_PV_partial_occlusion,Fisher,66,30.5,24/52 (46%),8/14 (57%),0.5536
CT2_AP,Fisher,67,29.5,29/52 (56%),10/15 (67%),0.5584
CT1_SMV,Fisher,94,1.1,66/70 (94%),24/24 (100%),0.5692
CT1_SMA_stenosis_sup25,Fisher,93,2.1,4/69 (6%),0/24 (0%),0.5693
CTmax_SMA_stenosis_sup25,Fisher,95,0.0,4/70 (6%),0/25 (0%),0.5701
CT1_SMA_stenosis_sup25.1,Fisher,66,30.5,4/52 (8%),0/14 (0%),0.5707
CT1_bowel_wall_mucosal_enhancement,Fisher,92,3.2,51/69 (74%),19/23 (83%),0.5737
CTmax_bowel_wall_mucosal_enhancement,Fisher,95,0.0,53/70 (76%),21/25 (84%),0.5754
durée d'hospit J,Mann-Whitney,93,2.1,8.0 [5.0-11.2],7.0 [3.0-12.0],0.5812
diarrhée,Fisher,95,0.0,16/70 (23%),7/25 (28%),0.5973
PAL,Mann-Whitney,86,9.5,90.0 [67.0-111.0],92.0 [66.0-117.0],0.6063
pH,Mann-Whitney,29,69.5,7.4 [7.4-7.5],7.4 [7.3-7.4],0.6099
CT1_IHPV,Fisher,93,2.1,43/70 (61%),16/23 (70%),0.6194
procalcitonine,Mann-Whitney,64,32.6,0.1 [0.1-0.4],0.3 [0.1-0.7],0.6197
CTmax_splenomegaly,Fisher,95,0.0,21/70 (30%),9/25 (36%),0.621
CT1_right,Fisher,93,2.1,37/70 (53%),14/23 (61%),0.6305
tabac,Fisher,95,0.0,26/70 (37%),11/25 (44%),0.6347
Delai_SF_BJN,Mann-Whitney,94,1.1,4.0 [1.0-7.0],3.0 [2.0-7.0],0.639
BILIT,Mann-Whitney,87,8.4,13.0 [9.0-21.0],16.0 [8.5-23.0],0.6433
CTmax_PV_partial_occlusion,Fisher,95,0.0,35/70 (50%),14/25 (56%),0.6473
CTmax_right,Fisher,95,0.0,38/70 (54%),15/25 (60%),0.6476
hémorragie digestive,Fisher,95,0.0,4/70 (6%),2/25 (8%),0.6519
CT2_middle_colic_vein,Fisher,66,30.5,6/52 (12%),2/14 (14%),0.6739
CMV_aigu,Fisher,88,7.4,5/63 (8%),3/25 (12%),0.6829
tropo,Mann-Whitney,28,70.5,8.0 [4.5-16.5],5.0 [4.0-18.0],0.7092
CT2_TC_ostium_atherosclerotic_plaque,Fisher,66,30.5,12/52 (23%),2/14 (14%),0.716
CT1_SMA_normal,Fisher,92,3.2,59/69 (86%),21/23 (91%),0.7234
Lgrele,Mann-Whitney,8,91.6,162.5 [161.2-163.8],145.0 [115.0-167.5],0.7374
cirrhose,Fisher,95,0.0,9/70 (13%),4/25 (16%),0.7385
CT2_right_gastroepiploic_vein,Fisher,66,30.5,16/52 (31%),3/14 (21%),0.7407
CT2_pancreaticoduodenal_veins,Fisher,66,30.5,13/52 (25%),4/14 (29%),0.7441
CT2_target_sign_appearance,Fisher,66,30.5,15/52 (29%),5/14 (36%),0.7449
CT1_SMA_ostium_atherosclerotic_plaque,Fisher,93,2.1,12/69 (17%),3/24 (12%),0.7519
CTmax_DP,Fisher,95,0.0,12/70 (17%),3/25 (12%),0.752
CTmax_SMA_ostium_atherosclerotic_plaque,Fisher,95,0.0,12/70 (17%),3/25 (12%),0.752
CT1_TC_normal,Fisher,92,3.2,57/69 (83%),20/23 (87%),0.7535
CT2_IHPV,Fisher,66,30.5,33/52 (63%),10/14 (71%),0.7549
CT2_IHPV_partial_occlusion,Fisher,66,30.5,22/52 (42%),7/14 (50%),0.7631
CT2_portal_cavernoma,Fisher,66,30.5,20/52 (38%),6/14 (43%),0.7677
CT1_TC_ostium_atherosclerotic_plaque,Fisher,93,2.1,15/69 (22%),4/24 (17%),0.7714
CTmax_TC_ostium_atherosclerotic_plaque,Fisher,95,0.0,15/70 (21%),4/25 (16%),0.772
alcool,Fisher,95,0.0,14/70 (20%),6/25 (24%),0.776
Delta_SF_to_BJN_days,Mann-Whitney,92,3.2,4.0 [1.5-7.0],3.0 [2.0-7.0],0.7945
CT1_NECT,Fisher,94,1.1,49/70 (70%),18/24 (75%),0.7954
CT1_splenomegaly,Fisher,93,2.1,21/70 (30%),8/23 (35%),0.7959
CT1_IHPV_partial_occlusion,Fisher,92,3.2,21/69 (30%),8/23 (35%),0.7966
CTmax_PV_complete_occlusion,Fisher,95,0.0,20/70 (29%),8/25 (32%),0.8006
CT1_AP,Fisher,94,1.1,24/70 (34%),7/24 (29%),0.8024
IMC,Mann-Whitney,91,4.2,29.6 [24.9-33.8],29.0 [24.1-34.3],0.8044
CT1_right_colic_vein,Fisher,92,3.2,27/69 (39%),8/23 (35%),0.8068
CTmax_IHPV_complete_occlusion,Fisher,93,2.1,24/69 (35%),9/24 (38%),0.8093
Inclusion SURVIBIO,Fisher,92,3.2,43/68 (63%),16/24 (67%),0.8097
CTmax_portal_cavernoma,Fisher,95,0.0,25/70 (36%),10/25 (40%),0.81
PAS,Mann-Whitney,88,7.4,131.0 [120.0-147.0],125.5 [113.0-148.8],0.8111
CTmax_AP,Fisher,95,0.0,40/70 (57%),13/25 (52%),0.8149
Hb,Mann-Whitney,93,2.1,13.0 [12.0-14.0],12.2 [10.6-14.9],0.8151
CTmax_left,Fisher,95,0.0,41/70 (59%),14/25 (56%),0.8186
Thrombophilie,Fisher,95,0.0,29/70 (41%),11/25 (44%),0.8186
Vomissements,Fisher,95,0.0,33/70 (47%),11/25 (44%),0.8193
GGT,Mann-Whitney,87,8.4,60.0 [39.5-103.0],64.0 [35.0-94.0],0.8332
SOFAHem2,Mann-Whitney,92,3.2,0.0 [0.0-0.0],0.0 [0.0-0.0],0.8424
département,Mann-Whitney,89,6.3,91.0 [75.0-93.0],91.0 [78.0-92.5],0.8798
PAD,Mann-Whitney,88,7.4,81.0 [70.0-90.0],80.5 [74.2-90.5],0.8882
TAILLE,Mann-Whitney,91,4.2,171.0 [165.0-177.5],170.5 [165.0-175.2],0.9604
POIDS,Mann-Whitney,94,1.1,83.5 [74.0-98.8],80.0 [71.8-99.2],0.9931
SOFAHem1,Mann-Whitney,92,3.2,0.0 [0.0-0.0],0.0 [0.0-0.0],0.9946
CTmax_dysmorphic_vascular_liver,Fisher,95,0.0,17/70 (24%),6/25 (24%),1.0
CTmax_portomesenteric_gas,Fisher,95,0.0,1/70 (1%),0/25 (0%),1.0
CTmax_TC_stenosis (%),Fisher,73,23.2,0/54 (0%),0/19 (0%),1.0
CTmax_TC_stenosis_sup25,Fisher,95,0.0,8/70 (11%),3/25 (12%),1.0
CTmax_TC_stenosis_sup50,Fisher,95,0.0,6/70 (9%),2/25 (8%),1.0
RethromboseV,Fisher,95,0.0,7/70 (10%),2/25 (8%),1.0
douleur abdo,Fisher,95,0.0,68/70 (97%),25/25 (100%),1.0
ATCD ischémie digestive,Fisher,95,0.0,5/70 (7%),1/25 (4%),1.0
Radiothérapie abdo,Fisher,95,0.0,2/70 (3%),0/25 (0%),1.0
ATCD résection intestin,Fisher,95,0.0,2/70 (3%),0/25 (0%),1.0
zéro ATCD,Fisher,95,0.0,10/70 (14%),3/25 (12%),1.0
toxicomanie,Fisher,95,0.0,3/70 (4%),1/25 (4%),1.0
cancer actif,Fisher,95,0.0,5/70 (7%),2/25 (8%),1.0
IRC dialysé,Fisher,95,0.0,0/70 (0%),0/25 (0%),1.0
VIH,Fisher,95,0.0,0/70 (0%),0/25 (0%),1.0
colite ischémique ,Fisher,95,0.0,0/70 (0%),0/25 (0%),1.0
ATCD chir vasculaire,Fisher,95,0.0,2/70 (3%),1/25 (4%),1.0
FDR cardio vasc,Fisher,95,0.0,53/70 (76%),19/25 (76%),1.0
diabète,Fisher,95,0.0,10/70 (14%),4/25 (16%),1.0
CT2_IHPV_complete_occlusion,Fisher,66,30.5,12/52 (23%),3/14 (21%),1.0
CT2_left,Fisher,66,30.5,28/52 (54%),8/14 (57%),1.0
CT2_SMA_normal,Fisher,66,30.5,45/52 (87%),13/14 (93%),1.0
CT2_SMA_ostium_atherosclerotic_plaque,Fisher,66,30.5,9/52 (17%),2/14 (14%),1.0
CT2_rectosigmoid_veins,Fisher,66,30.5,6/52 (12%),1/14 (7%),1.0
CT2_superior_rectal_veins,Fisher,66,30.5,6/52 (12%),1/14 (7%),1.0
CT2_right_colic_vein,Fisher,66,30.5,16/52 (31%),4/14 (29%),1.0
CT2_jejunal_veins,Fisher,66,30.5,29/52 (56%),8/14 (57%),1.0
CT1_dysmorphic_vascular_liver,Fisher,94,1.1,17/70 (24%),5/24 (21%),1.0
CT2_PVP,Fisher,67,29.5,52/52 (100%),15/15 (100%),1.0
CT2_DP,Fisher,67,29.5,5/52 (10%),1/15 (7%),1.0
CT2_SMV,Fisher,66,30.5,49/52 (94%),14/14 (100%),1.0
CT1_mesenteric_fat_stranding,Fisher,94,1.1,69/70 (99%),24/24 (100%),1.0
CT1_portomesenteric_gas,Fisher,94,1.1,1/70 (1%),0/24 (0%),1.0
CT1_bowel_wall_absent_enahncement,Fisher,92,3.2,7/69 (10%),2/23 (9%),1.0
CT1_SMA_stenosis_sup50,Fisher,93,2.1,0/69 (0%),0/24 (0%),1.0
CT1_SMA_thrombosis,Fisher,92,3.2,0/69 (0%),0/23 (0%),1.0
CT1_TC_stenosis (%),Fisher,70,26.3,0/53 (0%),0/17 (0%),1.0
CT1_TC_stenosis_sup25,Fisher,92,3.2,8/69 (12%),3/23 (13%),1.0
CT1_TC_stenosis_sup50,Fisher,92,3.2,6/69 (9%),2/23 (9%),1.0
CT1_IHPV_complete_occlusion,Fisher,90,5.3,23/68 (34%),8/22 (36%),1.0
CT1_left,Fisher,93,2.1,40/70 (57%),13/23 (57%),1.0
CT1_SMA_diffuse_atherosclerotic_narrowing,Fisher,93,2.1,4/69 (6%),1/24 (4%),1.0
CT1_SMA_stenosis_(%),Fisher,77,18.9,0/56 (0%),0/21 (0%),1.0
CTmax_NECT,Fisher,95,0.0,59/70 (84%),21/25 (84%),1.0
CT2_mesenteric_fat_stranding,Fisher,66,30.5,49/52 (94%),14/14 (100%),1.0
CT2_portomesenteric_gas,Fisher,66,30.5,1/52 (2%),0/14 (0%),1.0
CT1_TC_stenosis_sup25.1,Fisher,66,30.5,6/52 (12%),1/14 (7%),1.0
CT1_TC_stenosis_sup50.1,Fisher,64,32.6,4/50 (8%),1/14 (7%),1.0
CT2_TC_thrombosis,Fisher,66,30.5,1/52 (2%),0/14 (0%),1.0
CT2_bowel_wall_thickening,Fisher,66,30.5,31/52 (60%),8/14 (57%),1.0
CT2_bowel_wall_mucosal_enhancement,Fisher,66,30.5,25/52 (48%),7/14 (50%),1.0
CT2_SMA_diffuse_atherosclerotic_narrowing,Fisher,66,30.5,4/52 (8%),1/14 (7%),1.0
CT2_SMA_stenosis_(%),Fisher,54,43.2,0/42 (0%),0/12 (0%),1.0
CT1_SMA_stenosis_sup50.1,Fisher,66,30.5,0/52 (0%),0/14 (0%),1.0
CT2_SMA_thrombosis,Fisher,66,30.5,0/52 (0%),0/14 (0%),1.0
CT2_TC_normal,Fisher,66,30.5,43/52 (83%),12/14 (86%),1.0
CT2_TC_stenosis (%),Fisher,51,46.3,0/40 (0%),0/11 (0%),1.0
CT1_PV_complete_occlusion,Fisher,93,2.1,20/70 (29%),7/23 (30%),1.0
CT1_DP,Fisher,94,1.1,8/70 (11%),3/24 (12%),1.0
CT1_right_gastroepiploic_vein,Fisher,92,3.2,26/69 (38%),9/23 (39%),1.0
CT1_middle_colic_vein,Fisher,92,3.2,13/69 (19%),4/23 (17%),1.0
Microbio_peritoine,Fisher,6,93.7,2/2 (100%),4/4 (100%),1.0
%colon,Fisher,8,91.6,0/2 (0%),0/6 (0%),1.0
revascularisation,Fisher,95,0.0,1/70 (1%),0/25 (0%),1.0
calprotectine fécale,Mann-Whitney,6,93.7,265.0 [90.0-298.0],117.0 [117.0-117.0],1.0
Contexte_K,Fisher,94,1.1,5/69 (7%),2/25 (8%),1.0
Contexte_cirr,Fisher,95,0.0,8/70 (11%),2/25 (8%),1.0
compression extrinsèque,Fisher,95,0.0,0/70 (0%),0/25 (0%),1.0
sténose anastomose veineuse,Fisher,95,0.0,1/70 (1%),0/25 (0%),1.0
Mut_CALR,Fisher,91,4.2,0/67 (0%),0/24 (0%),1.0
HHC,Fisher,91,4.2,3/67 (4%),1/24 (4%),1.0
SAPL,Fisher,91,4.2,2/67 (3%),0/24 (0%),1.0
CTmax_SMA_normal,Fisher,95,0.0,59/70 (84%),21/25 (84%),1.0
CTmax_SMA_diffuse_atherosclerotic_narrowing,Fisher,95,0.0,4/70 (6%),1/25 (4%),1.0
CTmax_SMA_stenosis_%,Fisher,79,16.8,0/57 (0%),0/22 (0%),1.0
CTmax_SMA_stenosis_sup50,Fisher,95,0.0,0/70 (0%),0/25 (0%),1.0
CTmax_SMA_thrombosis,Fisher,95,0.0,0/70 (0%),0/25 (0%),1.0
CTmax_TC_normal,Fisher,95,0.0,57/70 (81%),20/25 (80%),1.0
CTmax_IHPV,Fisher,95,0.0,46/70 (66%),17/25 (68%),1.0
CTmax_IHPV_partial_occlusion,Fisher,95,0.0,29/70 (41%),10/25 (40%),1.0
CTmax_SMV,Fisher,95,0.0,66/70 (94%),24/25 (96%),1.0
CTmax_right_gastroepiploic_vein,Fisher,95,0.0,26/70 (37%),9/25 (36%),1.0
CTmax_middle_colic_vein,Fisher,95,0.0,13/70 (19%),4/25 (16%),1.0
CTmax_right_colic_vein,Fisher,95,0.0,27/70 (39%),9/25 (36%),1.0
Def_PC,Fisher,91,4.2,6/67 (9%),2/24 (8%),1.0
Def_AT,Fisher,92,3.2,2/68 (3%),1/24 (4%),1.0
Mut_V,Fisher,91,4.2,11/67 (16%),4/24 (17%),1.0
SOFANeuro1,Fisher,95,0.0,0/70 (0%),0/25 (0%),1.0
anorexie,Fisher,95,0.0,5/70 (7%),1/25 (4%),1.0
SOFACardio1,Fisher,95,0.0,0/70 (0%),0/25 (0%),1.0
H0F1,Fisher,95,0.0,23/70 (33%),8/25 (32%),1.0
